id,name,town
1,name1,town1
2,name2,town2
3,name3,town3
4,name4,town4
5,name5,town5
6,name6,town6
7,name7,town7
8,name8,town8
9,name9,town9
10,name10,town10
11,name11,town11
12,name12,town12
13,name13,town13
14,name14,town14
15,name15,town15
16,name16,town16
17,name17,town17
18,name18,town18
19,name19,town19
20,name20,town20
21,name21,town21
22,name22,town22
23,name23,town23
24,name24,town24
25,name25,town25
26,name26,town26
27,name27,town27
28,name28,town28
29,name29,town29
30,name30,town30
31,name31,town31
32,name32,town32
33,name33,town33
34,name34,town34
35,name35,town35
36,name36,town36
37,name37,town37
38,name38,town38
39,name39,town39
40,name40,town40
41,name41,town41
42,name42,town42
43,name43,town43
44,name44,town44
45,name45,town45
46,name46,town46
47,name47,town47
48,name48,town48
49,name49,town49
50,name50,town50
51,name51,town51
52,name52,town52
53,name53,town53
54,name54,town54
55,name55,town55
56,name56,town56
57,name57,town57
58,name58,town58
59,name59,town59
60,name60,town60
61,name61,town61
62,name62,town62
63,name63,town63
64,name64,town64
65,name65,town65
66,name66,town66
67,name67,town67
68,name68,town68
69,name69,town69
70,name70,town70
71,name71,town71
72,name72,town72
73,name73,town73
74,name74,town74
75,name75,town75
76,name76,town76
77,name77,town77
78,name78,town78
79,name79,town79
80,name80,town80
81,name81,town81
82,name82,town82
83,name83,town83
84,name84,town84
85,name85,town85
86,name86,town86
87,name87,town87
88,name88,town88
89,name89,town89
90,name90,town90
91,name91,town91
92,name92,town92
93,name93,town93
94,name94,town94
95,name95,town95
96,name96,town96
97,name97,town97
98,name98,town98
99,name99,town99
100,name100,town100
